<?xml version="1.0" encoding="UTF-8"?>
<project-private xmlns="http://www.netbeans.org/ns/project-private/1">
    <editor-bookmarks xmlns="http://www.netbeans.org/ns/editor-bookmarks/2" lastBookmarkId="0"/>
    <open-files xmlns="http://www.netbeans.org/ns/projectui-open-files/2">
        <group>
            <file>file:/home/rober/OneDrive/Abastos22-23/6K%20Entorns%20Desenvolupament/UD4%20Disseny%20i%20realització%20de%20Proves/CalculadoraParam/src/calculadora/Calculadora4.java</file>
            <file>file:/home/rober/OneDrive/Abastos22-23/6K%20Entorns%20Desenvolupament/UD4%20Disseny%20i%20realització%20de%20Proves/CalculadoraParam/test/calculadora/Calculadora4Test.java</file>
        </group>
    </open-files>
</project-private>
